dataset,accuracy,peak accuracy,train time
FaceAll,0.7076923076923077,0.7082840236686391,626.3837826251984
