dataset,accuracy,peak accuracy,train time
FaceAll,0.7189349112426036,0.7242603550295857,667.7208313941956
