dataset,accuracy,peak accuracy,train time
Coffee,0.5357142857142857,0.5357142857142857,4.456545114517212
