dataset,accuracy,peak accuracy,train time
Coffee,0.5357142857142857,0.5357142857142857,5.053588628768921
