epoch,train loss,val loss,train acc,val acc,lr
0,2.45184063911438,2.478513240814209,0.10512820512820513,0.10256410256410256,0.00055
1,2.426862597465515,2.4862473011016846,0.12564102564102564,0.08974358974358974,0.001
2,2.4255547523498535,2.519735813140869,0.11538461538461539,0.07948717948717948,0.00055
3,2.327608048915863,2.51750510931015,0.12564102564102564,0.11025641025641025,0.001
