dataset,accuracy,peak accuracy,train time
50words,0.17802197802197803,0.17802197802197803,2.9936563968658447
