dataset,accuracy,peak accuracy,train time
FaceAll,0.6923076923076923,0.6952662721893491,673.690776348114
