dataset,accuracy,peak accuracy,train time
FaceAll,0.7118343195266272,0.7195266272189349,596.6980831623077
