dataset,accuracy,peak accuracy,train time
FaceAll,0.7029585798816568,0.7189349112426036,668.4095416069031
