dataset,accuracy,peak accuracy,train time
FaceAll,0.6988165680473373,0.7112426035502959,675.5016326904297
