dataset,accuracy,peak accuracy,train time
50words,0.6593406593406593,0.6593406593406593,507.1528239250183
