dataset,accuracy,peak accuracy,train time
50words,0.5912087912087912,0.5912087912087912,524.9026701450348
