dataset,accuracy,peak accuracy,train time
FaceAll,0.7355029585798817,0.7355029585798817,364.88366651535034
