dataset,accuracy,peak accuracy,train time
FaceAll,0.9444444444444444,0.9444444444444444,844.1986820697784
