dataset,accuracy,peak accuracy,train time
FaceAll,0.6485207100591716,0.6550295857988165,616.6024641990662
