dataset,accuracy,peak accuracy,train time
FaceAll,0.9222222222222223,0.94,748.8464004993439
