epoch,train_loss,val_loss,train_acc,val_acc,lr
0,3.87774920463562,3.7496426105499268,0.08444444090127945,0.10549450665712357,0.0009999201
1,3.6766176223754883,3.5838937759399414,0.11777777969837189,0.10549450665712357,0.0009995649
2,3.5397729873657227,3.4714462757110596,0.14222222566604614,0.17802198231220245,0.0009989257
