dataset,accuracy,peak accuracy,train time
50words,0.6065934065934065,0.6065934065934065,7702.550275802612
