dataset,accuracy,peak accuracy,train time
50words,0.621978021978022,0.621978021978022,490.27451491355896
