dataset,accuracy,train time
50words,0.4835164835164835,117.75729656219482
