dataset,accuracy,train time
50words,0.5054945054945055,118.18748426437378
