dataset,accuracy,peak accuracy,train time
FaceAll,0.7183431952662722,0.7195266272189349,624.3470449447632
