dataset,accuracy,peak accuracy,train time
FaceAll,0.6988165680473373,0.7100591715976331,609.2128241062164
