epoch,train_loss,val_loss,train_acc,val_acc,lr
0,0.711908757686615,nan,0.2857142984867096,0.5357142686843872,nan
