dataset,accuracy,peak accuracy,train time
FaceAll,0.6952662721893491,0.7076923076923077,600.0416111946106
