dataset,accuracy,train time
FordA,0.9694529297417384,648.1280424594879
FordB,0.9216171617161716,517.5293214321136
