dataset,accuracy,train time
FordA,0.9072479866703693,635.6179189682007
FordB,0.9172167216721672,515.7188513278961
