dataset,accuracy,train time
FordA,0.9580672035545682,962.738156080246
FordB,0.9188668866886689,780.0970530509949
