dataset,accuracy,train time
FordA,0.855595667870036,402.6154980659485
FordB,0.7004950495049505,349.4663736820221
