dataset,accuracy,train time
FordA,0.8333796167731186,393.64140605926514
FordB,0.5860836083608361,332.97379446029663
