dataset,accuracy,train time
FordA,0.9116911968897529,940.2323865890503
FordB,0.9166666666666666,739.0407230854034
