dataset,accuracy,peak accuracy,train time
FaceAll,0.7,0.7124260355029586,619.7666757106781
