dataset,accuracy,peak accuracy,train time
50words,0.5516483516483517,0.5516483516483517,365.95814514160156
