dataset,accuracy,peak accuracy,train time
FaceAll,0.6863905325443787,0.6875739644970414,631.5207991600037
