epoch,train loss,val loss,train acc,val acc,lr
0,3.7925814390182495,3.6473711133003235,0.06222222222222222,0.12527472527472527,0.001
1,3.6218273043632507,3.576381266117096,0.11555555555555555,0.12527472527472527,0.001
2,3.5648350715637207,3.5607357025146484,0.11333333333333333,0.09230769230769231,0.001
3,3.5504472255706787,3.554557144641876,0.10888888888888888,0.09230769230769231,0.001
4,3.503295063972473,3.5451767444610596,0.11777777777777777,0.12527472527472527,0.001
