epoch,train loss,val loss,train acc,val acc,lr
0,2.5049105286598206,2.4641014337539673,0.06666666666666667,0.08974358974358974,0.001
1,2.418255627155304,2.4750475883483887,0.11538461538461539,0.08974358974358974,0.001
2,2.424392282962799,2.4706074595451355,0.12051282051282051,0.08205128205128205,0.001
3,2.3738054633140564,2.4794802069664,0.11794871794871795,0.08717948717948718,0.001
4,2.4280168414115906,2.4872002601623535,0.1358974358974359,0.09230769230769231,0.001
