epoch,train loss,val loss,train acc,val acc,lr
0,2.6391804695129393,2.5991969449179515,0.048214285714285716,0.07751479289940828,0.001
1,2.5360252380371096,2.5983052934919084,0.13392857142857142,0.04260355029585799,0.001
2,2.399308681488037,2.47965122120721,0.16785714285714284,0.10828402366863905,0.001
3,2.237362575531006,2.4068366374288286,0.22678571428571428,0.13372781065088757,0.001
4,2.082934784889221,2.3460589221545627,0.30714285714285716,0.19230769230769232,0.001
