epoch,train loss,val loss,train acc,val acc,lr
0,0.7149373726411299,0.6931131420464351,0.47045454545454546,0.5126353790613718,0.001
1,0.6932723684744402,0.6937273165275311,0.5159090909090909,0.5126353790613718,0.001
2,0.6929976398294623,0.6929107349494408,0.509090909090909,0.5159677867259095,0.001
3,0.6934745745225386,0.6936063088219742,0.5166666666666667,0.5043043599000278,0.001
4,0.6930590759624135,0.6932605607756253,0.5128787878787879,0.5126353790613718,0.001
