epoch,train loss,val loss,train acc,val acc,lr
0,3.672895654042562,3.5393697023391724,0.04,0.0539440203562341,0.001
1,3.412779426574707,3.235886499285698,0.052222222222222225,0.0727735368956743,0.001
2,3.163978020350138,3.1107208281755447,0.09,0.07786259541984733,0.001
3,3.047860590616862,3.2006288170814514,0.08444444444444445,0.06463104325699745,0.001
4,2.972981055577596,3.0121181160211563,0.09777777777777778,0.089058524173028,0.001
