epoch,train loss,val loss,train acc,val acc,lr
0,0.39202312380075455,0.3479184015673034,0.88,0.8921155094094744,0.001
1,0.31902966648340225,0.341280460357666,0.903,0.8921155094094744,0.001
2,0.32334099151194096,0.3461857885122299,0.903,0.8921155094094744,0.001
3,0.3185283839702606,0.33321167619860903,0.903,0.8921155094094744,0.001
4,0.30870931781828403,0.3226516122112469,0.903,0.8921155094094744,0.001
