dataset,accuracy,peak accuracy,train time
50words,0.6329670329670329,0.6329670329670329,484.74098682403564
