dataset,accuracy,peak accuracy,train time
FaceAll,0.736094674556213,0.736094674556213,428.5359625816345
