dataset,accuracy,peak accuracy,train time
FaceAll,0.7218934911242604,0.7260355029585799,623.0050551891327
