dataset,accuracy,peak accuracy,train time
FaceAll,0.7094674556213018,0.7189349112426036,615.1600775718689
