dataset,accuracy,peak accuracy,train time
FaceAll,0.7041420118343196,0.7165680473372781,640.4007942676544
